City_ID,City,Lat,Lng,Max Temp,Humidity,Cloudiness,Wind Speed,Country,Date
0,port-aux-francais,-49.35,-49.35,2.27,97,100,13.73,TF,1715621328
1,albany,42.6001,42.6001,21.08,54,39,1.79,US,1715621055
2,port elizabeth,-33.918,-33.918,20.05,92,20,5.66,ZA,1715621330
3,yaren,-0.5472,-0.5472,28.84,71,93,3.94,NR,1715621330
4,avarua,-21.2078,-21.2078,24.03,88,75,2.57,CK,1715621331
5,lazaro cardenas,17.9583,17.9583,30.1,43,100,4.7,MX,1715621332
6,ushuaia,-54.8,-54.8,6.79,70,40,16.46,AR,1715621057
7,adamstown,-25.066,-25.066,20.7,73,0,3.15,PN,1715621333
8,puerto ayora,-0.7393,-0.7393,28.98,90,72,2.24,EC,1715621334
9,nova vicosa,-17.8919,-17.8919,30.06,59,5,4.29,BR,1715621334
10,edinburgh of the seven seas,-37.0676,-37.0676,13.81,60,60,10.97,SH,1715621122
11,rikaze,29.25,29.25,12.45,36,91,4.33,CN,1715621334
12,coquimbo,-29.9533,-29.9533,16.85,55,0,5.14,CL,1715620722
13,san felice circeo,41.2372,41.2372,22.09,65,99,1.87,IT,1715621335
14,badger,64.8,64.8,10.21,69,75,0.0,US,1715621335
15,arkhangel'sk,64.5401,64.5401,5.06,56,20,1.0,RU,1715621335
16,ancud,-41.8697,-41.8697,8.78,64,97,3.69,CL,1715621335
17,aasiaat,68.7098,68.7098,-2.36,92,100,3.19,GL,1715621335
18,thompson,55.7435,55.7435,3.09,60,20,3.6,CA,1715621335
19,axim,4.8699,4.8699,27.71,83,100,2.68,GH,1715621335
20,mount gambier,-37.8333,-37.8333,11.9,66,100,1.51,AU,1715621336
21,eyl,7.9803,7.9803,29.79,75,9,5.74,SO,1715621262
22,marsh harbour,26.5412,26.5412,25.44,68,87,5.97,BS,1715621336
23,atafu village,-8.5421,-8.5421,29.27,75,55,7.38,TK,1715621177
24,shimoda,34.6667,34.6667,15.06,91,100,6.64,JP,1715621336
25,iqaluit,63.7506,63.7506,-7.15,52,40,6.17,CA,1715621336
26,bredasdorp,-34.5322,-34.5322,14.3,91,6,4.16,ZA,1715621336
27,blackmans bay,-43.0167,-43.0167,11.52,69,82,1.79,AU,1715621337
28,bilibino,68.0546,68.0546,-6.28,93,100,2.15,RU,1715621337
29,hawaiian paradise park,19.5933,19.5933,23.83,94,40,2.06,US,1715621337
30,iskateley,67.6803,67.6803,-1.66,86,92,5.81,RU,1715621337
31,ain oussera,35.4514,35.4514,29.9,23,54,7.68,DZ,1715621337
32,sandpoint,48.2766,48.2766,20.92,45,0,3.09,US,1715621218
33,afaahiti,-17.75,-17.75,25.93,80,78,8.1,PF,1715621337
34,kyaikkami,16.08,16.08,29.45,79,29,4.89,MM,1715621338
35,pont rouge,48.8833,48.8833,14.16,50,99,5.28,CA,1715621338
36,georgetown,5.4112,5.4112,28.97,79,20,1.54,MY,1715621338
37,waitangi,-43.9535,-43.9535,8.79,70,100,6.63,NZ,1715621338
38,lebu,-37.6167,-37.6167,10.76,62,15,4.77,CL,1715621338
39,sitka,57.0531,57.0531,7.94,71,75,4.12,US,1715621338
40,port alfred,-33.5906,-33.5906,17.88,93,56,2.24,ZA,1715621338
41,dingwall,57.5953,57.5953,15.49,86,100,1.42,GB,1715621338
42,carnarvon,-24.8667,-24.8667,22.49,68,6,4.16,AU,1715621339
43,recani,31.2846,31.2846,35.93,8,31,9.31,MA,1715621339
44,klyuchi,52.2667,52.2667,15.88,37,0,3.46,RU,1715621339
45,wailua homesteads,22.0669,22.0669,24.36,89,40,4.12,US,1715621339
46,borkum,53.5809,53.5809,17.97,82,2,6.2,DE,1715621339
47,hasaki,35.7333,35.7333,14.22,80,100,10.39,JP,1715621340
48,puerto baquerizo moreno,-0.9,-0.9,27.55,74,40,4.63,EC,1715621340
49,guerrero negro,27.9769,27.9769,19.53,64,69,5.78,MX,1715621340
50,yuzhno-kurilsk,44.0306,44.0306,8.54,100,100,2.61,RU,1715621340
51,akjoujt,19.6969,19.6969,40.39,10,5,6.5,MR,1715621340
52,ola,59.5833,59.5833,3.97,96,100,4.94,RU,1715621340
53,ust-nera,64.5667,64.5667,-5.27,88,15,2.1,RU,1715621340
54,uturoa,-16.7333,-16.7333,27.4,82,45,8.54,PF,1715621341
55,hammerfest,70.6634,70.6634,6.25,87,75,1.54,NO,1715621341
56,mananjary,-21.2167,-21.2167,23.73,77,37,1.7,MG,1715621341
57,happy valley-goose bay,53.3168,53.3168,13.17,47,75,3.6,CA,1715621060
58,bethel,41.3712,41.3712,21.31,52,20,1.54,US,1715621341
59,nako,31.8814,31.8814,6.28,54,2,1.51,IN,1715621341
60,punta arenas,-53.15,-53.15,5.06,70,75,11.32,CL,1715621340
61,sisimiut,66.9395,66.9395,-0.17,99,100,1.86,GL,1715621342
62,nouadhibou,20.931,20.931,22.99,60,12,8.75,MR,1715621342
63,margaret river,-33.95,-33.95,16.79,45,47,4.25,AU,1715621342
64,oban,56.4127,56.4127,15.77,89,100,1.23,GB,1715621342
65,jamestown,42.097,42.097,23.9,53,40,3.09,US,1715621342
66,barranca,-10.75,-10.75,20.58,77,63,4.04,PE,1715621342
67,terrace,54.5163,54.5163,11.79,93,75,1.54,CA,1715621343
68,sao felix do xingu,-6.6447,-6.6447,33.03,47,83,1.78,BR,1715621343
69,envira,-7.3,-7.3,34.7,48,93,0.8,BR,1715621343
70,papatowai,-46.5619,-46.5619,6.67,91,24,1.96,NZ,1715621343
71,west island,-12.1568,-12.1568,27.99,83,40,7.2,CC,1715621343
72,pitimbu,-7.4706,-7.4706,31.33,75,100,3.82,BR,1715621343
73,zheleznogorsk-ilimskiy,56.5768,56.5768,4.09,58,15,1.79,RU,1715621343
74,leiyang,26.4024,26.4024,18.33,76,1,1.59,CN,1715621343
75,polyarnyy,69.1989,69.1989,1.02,96,95,1.83,RU,1715621344
76,sterling,39.0062,39.0062,24.89,48,20,6.17,US,1715621264
77,whitehorse,60.7161,60.7161,6.43,43,75,1.03,CA,1715621344
78,anshun,26.25,26.25,14.61,79,48,0.44,CN,1715621344
79,hamilton,39.1834,39.1834,26.89,47,0,6.17,US,1715621272
80,aykhal,66.0,66.0,-6.39,100,95,1.85,RU,1715621344
81,grytviken,-54.2811,-54.2811,-4.05,77,56,5.64,GS,1715621344
82,putian,25.4394,25.4394,14.77,77,98,1.66,CN,1715621344
83,vernon,50.2581,50.2581,20.16,51,95,1.34,CA,1715621299
84,invercargill,-46.4,-46.4,2.79,97,24,0.89,NZ,1715621345
85,takoradi,4.8845,4.8845,27.87,84,100,3.59,GH,1715621345
86,kavieng,-2.5744,-2.5744,27.88,83,100,6.1,PG,1715621345
87,hadibu,12.65,12.65,29.44,68,73,1.8,YE,1715621345
88,sabang,5.8933,5.8933,29.7,72,100,3.31,ID,1715621345
89,tual,-5.6667,-5.6667,27.51,81,98,6.41,ID,1715621345
90,knysna,-34.0363,-34.0363,15.82,88,1,3.3,ZA,1715621346
91,utrik,11.2278,11.2278,27.19,81,78,8.58,MH,1715621346
92,rasht,37.2808,37.2808,17.9,82,75,3.09,IR,1715621346
93,tolanaro,-25.0319,-25.0319,23.04,88,75,6.17,MG,1715621346
94,lompoc,34.6391,34.6391,16.03,86,100,2.06,US,1715621346
95,san fernando de apure,7.8878,7.8878,35.06,39,88,3.2,VE,1715621346
96,qeshm,26.9581,26.9581,29.93,67,0,4.59,IR,1715621346
97,dudinka,69.4058,69.4058,-1.85,95,100,4.92,RU,1715621347
98,zemio,5.0314,5.0314,25.71,70,92,1.26,CF,1715621347
99,saipan,15.1355,15.1355,27.39,83,40,3.09,MP,1715621347
100,luis correia,-2.8792,-2.8792,32.0,70,40,5.14,BR,1715621347
101,igarka,67.4667,67.4667,3.9,100,82,8.94,RU,1715621347
102,siwa oasis,29.2041,29.2041,26.56,21,0,2.79,EG,1715621347
103,nevada,39.2502,39.2502,16.36,23,0,0.84,US,1715621347
104,flying fish cove,-10.4217,-10.4217,25.82,94,100,4.63,CX,1715621348
105,college,64.8569,64.8569,10.26,69,75,0.0,US,1715621348
106,qashyr,53.0675,53.0675,18.72,33,95,6.33,KZ,1715621348
107,juliaca,-15.5,-15.5,17.99,29,0,1.54,PE,1715621348
108,lohaghat,29.4036,29.4036,18.04,40,34,1.98,IN,1715621348
109,laguna,38.421,38.421,25.52,60,0,3.6,US,1715621348
110,lata,40.1629,40.1629,14.95,96,100,3.51,PT,1715621348
111,nar'yan-mar,67.6713,67.6713,-1.61,86,94,5.81,RU,1715621348
112,stornoway,58.2093,58.2093,15.02,83,20,2.57,GB,1715621349
113,nelson bay,-32.7167,-32.7167,17.78,96,23,0.45,AU,1715621349
114,ilulissat,69.2167,69.2167,-1.99,93,100,3.09,GL,1715621349
115,piacabucu,-10.4056,-10.4056,28.8,73,33,2.86,BR,1715621349
116,susuman,62.7833,62.7833,-0.01,84,100,3.58,RU,1715621349
117,kidal,18.4411,18.4411,40.82,4,100,2.04,ML,1715621349
118,plouzane,48.3833,48.3833,14.1,88,100,7.72,FR,1715621349
119,solwezi,-12.1688,-12.1688,22.16,47,97,1.42,ZM,1715621349
120,kapuskasing,49.4169,49.4169,8.05,76,100,6.17,CA,1715621350
121,chegdomyn,51.1167,51.1167,6.11,75,100,2.08,RU,1715621350
122,maputo,-25.9653,-25.9653,22.82,78,75,2.57,MZ,1715621350
123,mikuni,36.2171,36.2171,8.95,84,44,3.25,JP,1715621350
124,luderitz,-26.6481,-26.6481,16.24,76,0,3.19,NA,1715621350
125,sandnessjoen,66.0217,66.0217,19.29,59,0,2.57,NO,1715621350
126,peniche,39.3558,39.3558,16.27,95,98,9.06,PT,1715621350
127,selogiri,-7.7833,-7.7833,23.86,90,59,0.93,ID,1715621351
128,crane,31.3974,31.3974,25.98,28,0,5.11,US,1715621351
129,limbdi,22.5667,22.5667,30.41,45,61,6.58,IN,1715621351
130,rumoi,43.9344,43.9344,7.33,86,14,2.49,JP,1715621351
131,qaqortoq,60.7167,60.7167,3.52,72,98,2.65,GL,1715621351
132,talnakh,69.4865,69.4865,0.46,98,100,4.75,RU,1715621351
133,san antonio de pale,-1.4014,-1.4014,27.04,86,98,4.16,GQ,1715621351
134,puerto natales,-51.7236,-51.7236,5.25,56,0,4.63,CL,1715621114
135,tura,25.5198,25.5198,25.21,68,60,1.14,IN,1715621352
136,yellowknife,62.456,62.456,11.34,64,100,7.2,CA,1715621352
137,walvis bay,-22.9575,-22.9575,15.61,71,25,6.66,NA,1715621285
138,xilin hot,43.9667,43.9667,13.87,50,62,5.95,CN,1715621198
139,les anglais,18.3054,18.3054,30.11,66,27,4.31,HT,1715621352
140,tofol,5.3248,5.3248,28.06,82,100,6.88,FM,1715621352
141,santiago de cao,-7.9589,-7.9589,20.07,83,62,6.17,PE,1715621352
142,black point,-34.6187,-34.6187,15.18,89,72,2.73,AU,1715621353
143,ribeira grande,38.5167,38.5167,21.22,64,40,8.75,PT,1715621353
144,bikenibeu village,1.3673,1.3673,28.95,75,20,4.78,KI,1715621353
145,ciudad bolivar,8.1222,8.1222,38.19,24,68,4.16,VE,1715621353
146,pinotepa nacional,16.3167,16.3167,34.32,23,97,2.58,MX,1715621353
147,saint-leu,-21.15,-21.15,22.48,76,37,1.45,RE,1715621353
148,nova sintra,14.8667,14.8667,24.32,79,10,10.51,CV,1715621353
149,island harbour,50.724,50.724,15.08,93,100,5.81,GB,1715621354
150,la mira,18.035,18.035,30.84,36,91,4.4,MX,1715621354
151,labrador city,52.9463,52.9463,17.88,22,75,6.17,CA,1715621354
152,longyearbyen,78.2186,78.2186,-0.09,64,20,1.54,SJ,1715621354
153,saint-pierre,-21.3393,-21.3393,22.82,78,0,0.0,RE,1715621354
154,olonkinbyen,70.9221,70.9221,0.54,95,100,1.0,SJ,1715621354
155,motueka,-41.1333,-41.1333,6.72,88,27,1.62,NZ,1715621354
156,ruidoso,33.3317,33.3317,21.7,18,75,4.12,US,1715621281
157,minab,27.1467,27.1467,31.81,34,0,1.59,IR,1715621355
158,broken hill,-31.95,-31.95,14.34,64,74,3.14,AU,1715621355
159,barmer,25.75,25.75,34.61,25,76,5.64,IN,1715621355
160,anadyr,64.75,64.75,-1.72,86,0,3.0,RU,1715621355
161,mar del plata,-38.0023,-38.0023,12.51,71,75,5.14,AR,1715620877
162,namibe,-15.1961,-15.1961,22.39,82,17,3.18,AO,1715621355
163,bowen,-20.0167,-20.0167,20.73,93,7,4.37,AU,1715621356
164,newquay,50.4132,50.4132,14.42,82,40,6.69,GB,1715621356
165,colonia,50.9333,50.9333,24.87,56,0,6.69,DE,1715621356
166,cockburn town,21.4612,21.4612,26.68,83,72,5.35,TC,1715621356
167,sehwan,26.4279,26.4279,36.81,26,6,4.49,PK,1715621356
168,gelemso,8.8167,8.8167,20.31,68,78,1.95,ET,1715621356
169,itoman,26.1247,26.1247,22.01,78,100,3.09,JP,1715621357
170,el jadid,33.2549,33.2549,19.42,82,80,8.47,MA,1715621357
171,fang,19.9169,19.9169,24.53,73,63,0.92,TH,1715621357
172,murzuq,25.9155,25.9155,31.72,13,37,4.67,LY,1715621357
173,myitkyina,25.3833,25.3833,26.13,52,23,0.75,MM,1715621357
174,jiuquan,39.7432,39.7432,21.24,10,0,3.15,CN,1715621357
175,ellsworth,44.5434,44.5434,19.05,61,0,6.17,US,1715621221
176,buncrana,55.1333,55.1333,13.87,95,100,5.54,IE,1715621358
177,mahdia,35.5047,35.5047,21.97,56,46,6.51,TN,1715621358
178,paradip garh,20.3167,20.3167,28.81,78,2,4.01,IN,1715621358
179,banjarmasin,-3.3244,-3.3244,28.08,94,100,0.82,ID,1715621121
180,luganville,-15.5333,-15.5333,25.54,87,100,4.64,VU,1715621358
181,port mathurin,-19.6833,-19.6833,25.11,65,13,7.68,MU,1715621358
182,liman,48.9884,48.9884,9.77,55,100,3.69,UA,1715621358
183,venustiano carranza,19.43,19.43,25.99,24,100,0.0,MX,1715621358
184,vila velha,-20.3297,-20.3297,32.2,99,20,5.66,BR,1715621358
185,purpe,64.4803,64.4803,-1.62,83,93,13.53,RU,1715621359
186,tazovsky,67.4667,67.4667,-0.39,97,100,2.52,RU,1715621359
187,pimentel,-6.8367,-6.8367,24.16,60,0,7.2,PE,1715621359
188,ponta delgada,37.7333,37.7333,18.44,68,40,5.14,PT,1715621359
189,keflavik,64.0049,64.0049,7.95,65,75,9.77,IS,1715621359
190,fort st. john,56.2499,56.2499,14.94,29,75,6.17,CA,1715621359
191,kalmunai,7.4167,7.4167,28.04,83,72,1.7,LK,1715621359
192,enewetak,11.3474,11.3474,27.31,73,83,9.67,MH,1715621360
193,byakabanda,-0.7425,-0.7425,19.62,92,100,1.94,UG,1715621238
194,murghob,38.1702,38.1702,-2.13,46,2,3.81,TJ,1715621360
195,boyolangu,-8.1181,-8.1181,23.82,97,100,1.14,ID,1715621360
196,chipinge,-20.1883,-20.1883,16.83,58,8,2.43,ZW,1715621079
197,stanley,54.868,54.868,19.77,59,0,4.12,GB,1715621360
198,luc-la-primaube,44.3144,44.3144,18.36,55,0,7.2,FR,1715621360
199,port macquarie,-31.4333,-31.4333,16.61,88,69,4.13,AU,1715621360
200,cururupu,-1.8283,-1.8283,31.89,55,41,3.13,BR,1715621361
201,kasongo,-4.45,-4.45,25.65,68,54,1.09,CD,1715621361
202,okhotsk,59.3833,59.3833,-0.97,95,29,3.14,RU,1715621361
203,putla villa de guerrero,17.0333,17.0333,34.46,27,100,2.68,MX,1715621361
204,floro,61.5996,61.5996,21.04,26,0,1.54,NO,1715621346
205,nazret,8.55,8.55,23.73,47,96,3.37,ET,1715621361
206,sao jose da coroa grande,-8.8978,-8.8978,28.59,72,53,3.32,BR,1715621361
207,wanning,18.8003,18.8003,24.18,96,43,2.71,CN,1715621361
208,alice springs,-23.7,-23.7,9.75,76,73,0.0,AU,1715621270
209,villa rica,33.7321,33.7321,17.78,90,100,0.45,US,1715621362
210,labytnangi,66.6572,66.6572,-6.46,86,97,3.2,RU,1715621362
211,weno,7.4515,7.4515,28.72,79,87,6.71,FM,1715621362
212,mumbai,19.0144,19.0144,28.99,79,40,3.09,IN,1715621103
213,azul,-36.777,-36.777,12.16,49,23,5.0,AR,1715620873
214,ashland,40.8167,40.8167,25.15,75,26,5.99,US,1715621148
215,kirakira,-10.4544,-10.4544,26.16,90,79,3.84,SB,1715621362
216,itaituba,-4.2761,-4.2761,31.09,74,75,5.14,BR,1715621363
217,murray bridge,-35.1167,-35.1167,12.97,93,80,2.03,AU,1715621363
218,san luis de la loma,17.2706,17.2706,31.63,45,70,4.64,MX,1715621363
219,kourou,5.1552,5.1552,27.03,75,80,3.43,GF,1715621310
220,key west,24.5557,24.5557,32.0,74,0,6.17,US,1715621363
221,plastun,44.7561,44.7561,7.03,80,24,2.11,RU,1715621363
222,labasa,-16.4167,-16.4167,23.89,87,82,3.56,FJ,1715621363
223,tralee,52.2704,52.2704,15.14,67,75,2.57,IE,1715621363
224,keren,15.7778,15.7778,27.76,42,26,3.57,ER,1715621364
225,northam,51.0333,51.0333,14.66,95,100,5.41,GB,1715621364
226,constantia,44.1833,44.1833,11.5,67,72,4.88,RO,1715621249
227,dasha,23.11,23.11,23.99,86,93,2.65,CN,1715621364
228,erwin,36.1451,36.1451,23.07,43,100,4.23,US,1715621364
229,petropavlovsk-kamchatsky,53.0452,53.0452,3.76,66,75,2.68,RU,1715621364
230,neryungri,56.6709,56.6709,-6.01,97,37,1.48,RU,1715621365
231,khonsa,27.0167,27.0167,22.68,75,55,2.57,IN,1715621365
232,thongwa,16.7619,16.7619,29.09,58,23,5.58,MM,1715621365
233,oranjemund,-28.55,-28.55,15.71,71,0,1.09,NA,1715621365
234,vorgashor,67.5833,67.5833,-5.11,85,96,4.38,RU,1715621365
235,howrah,22.5892,22.5892,30.0,84,40,5.14,IN,1715621365
236,tazacorte,28.629,28.629,22.3,80,40,7.2,ES,1715621365
237,vilyuysk,63.7553,63.7553,-0.56,76,23,2.24,RU,1715621365
238,callao,-12.0667,-12.0667,17.16,94,100,2.57,PE,1715621365
239,baxter,46.3433,46.3433,17.25,36,0,7.2,US,1715621366
240,jayapura,-2.5333,-2.5333,25.66,92,100,2.78,ID,1715621366
241,ciudad melchor muzquiz,27.8833,27.8833,33.54,19,18,3.96,MX,1715621366
242,wenzhou,27.9994,27.9994,17.95,65,95,0.29,CN,1715621366
243,quellon,-43.1167,-43.1167,7.43,63,21,3.12,CL,1715621366
244,port saint john's,-31.6229,-31.6229,20.04,87,74,3.92,ZA,1715621366
245,khunti,23.0833,23.0833,24.06,39,59,0.27,IN,1715621366
246,san patricio,28.017,28.017,31.41,53,100,4.0,US,1715621367
247,nandu,22.8525,22.8525,22.61,80,100,1.23,CN,1715621367
248,wewak,-3.5534,-3.5534,26.51,88,100,3.44,PG,1715621367
249,codrington,-38.2667,-38.2667,13.14,63,88,4.98,AU,1715621367
250,rongelap,11.1635,11.1635,27.2,81,83,8.65,MH,1715621367
251,new norfolk,-42.7826,-42.7826,12.18,76,97,3.8,AU,1715621367
252,santa helena de goias,-17.8136,-17.8136,30.87,29,3,2.54,BR,1715621367
253,kodiak,57.79,57.79,4.73,87,100,2.57,US,1715621367
254,st. john's,47.5649,47.5649,14.66,70,75,4.12,CA,1715621300
255,pemangkat,1.1667,1.1667,27.32,82,97,1.28,ID,1715621368
256,fale old settlement,-9.3852,-9.3852,29.51,73,85,7.27,TK,1715621368
257,acapulco de juarez,16.8634,16.8634,29.9,62,0,3.09,MX,1715621177
258,isafjordur,66.0755,66.0755,3.02,75,75,7.72,IS,1715621368
259,tiksi,71.6872,71.6872,-12.59,96,96,1.74,RU,1715621368
260,bela,25.9333,25.9333,34.98,21,24,3.13,IN,1715621368
261,yenicaga,40.7711,40.7711,3.6,99,100,1.59,TR,1715621368
262,mugia,43.1041,43.1041,14.95,81,30,7.85,ES,1715621369
263,nemuro,43.3236,43.3236,8.19,87,100,2.93,JP,1715621369
264,ta`u,-14.2336,-14.2336,28.42,78,65,8.86,AS,1715621369
265,farasan,16.7022,16.7022,31.31,74,42,3.94,SA,1715621120
266,leava,-14.3,-14.3,28.11,82,100,10.66,WF,1715621369
267,pasuquin,18.3328,18.3328,27.58,80,61,4.85,PH,1715621369
268,forster,-32.1667,-32.1667,14.05,100,46,4.18,AU,1715621369
269,kenai,60.5544,60.5544,7.3,85,100,2.06,US,1715621110
270,dadukou,26.5479,26.5479,20.1,80,67,1.58,CN,1715621369
271,newman,37.3138,37.3138,25.13,52,9,2.68,US,1715621369
272,kone,-21.0595,-21.0595,19.99,87,6,2.32,NC,1715621370
273,mweka,-4.85,-4.85,23.68,83,95,1.42,CD,1715621370
274,zermatt,46.0213,46.0213,13.72,96,100,0.76,CH,1715621370
275,inhapi,-9.2214,-9.2214,30.48,49,62,3.85,BR,1715621370
276,dullewala,31.8359,31.8359,34.09,19,0,3.01,PK,1715621370
277,kingston,17.997,17.997,33.98,66,40,9.26,JM,1715621080
278,punasa,22.2333,22.2333,34.12,27,86,3.85,IN,1715621370
279,lihue,21.9789,21.9789,24.69,86,40,4.12,US,1715621370
280,vila franca do campo,37.7167,37.7167,18.27,99,78,3.5,PT,1715621371
281,udayagiri,20.1333,20.1333,23.37,73,98,1.59,IN,1715621371
282,geraldton,-28.7667,-28.7667,18.23,72,40,1.54,AU,1715621271
283,masuguru,-11.3667,-11.3667,25.8,64,50,1.4,TZ,1715621371
284,angaur state,6.906,6.906,28.9,77,49,4.96,PW,1715621371
285,dogondoutchi,13.6393,13.6393,36.36,33,99,1.79,NE,1715621371
286,deir ez-zor,35.3359,35.3359,23.73,35,89,6.8,SY,1715621371
287,roccella ionica,38.322,38.322,19.25,79,65,3.3,IT,1715621371
288,whakatane,-37.9585,-37.9585,7.1,99,41,2.19,NZ,1715621371
289,nema,57.5067,57.5067,-0.45,86,62,2.63,RU,1715621371
290,lorengau,-2.0226,-2.0226,27.43,86,100,2.62,PG,1715621372
291,cuatro cienegas de carranza,26.9833,26.9833,33.05,6,0,3.89,MX,1715621372
292,karratha,-20.7377,-20.7377,24.41,73,0,2.75,AU,1715621372
293,dalnegorsk,44.5604,44.5604,6.49,80,27,0.98,RU,1715621372
294,dampit,-8.2116,-8.2116,21.58,99,98,0.88,ID,1715621372
295,novyy urgal,51.0736,51.0736,6.84,71,100,1.64,RU,1715621372
296,kyshtovka,56.555,56.555,18.52,51,100,1.34,RU,1715621372
297,remire-montjoly,4.9167,4.9167,27.02,94,100,3.6,GF,1715621372
298,vallenar,-28.5708,-28.5708,22.12,23,38,2.09,CL,1715621372
299,bukittinggi,-0.3091,-0.3091,20.43,99,100,1.24,ID,1715621372
300,svetlogorsk,52.6333,52.6333,7.47,72,71,2.5,BY,1715621373
301,brezina,33.0989,33.0989,29.88,18,85,8.42,DZ,1715621373
302,villiers,-27.0303,-27.0303,19.13,34,35,0.32,ZA,1715621373
303,sidi khaled,34.387,34.387,27.8,31,100,4.93,DZ,1715621373
304,vangaindrano,-23.35,-23.35,21.73,85,4,1.67,MG,1715621373
305,kununurra,-15.7667,-15.7667,24.99,57,14,3.6,AU,1715621373
306,cabedelo,-6.9811,-6.9811,31.37,76,100,4.13,BR,1715621373
307,cacoal,-11.4386,-11.4386,31.75,61,66,1.03,BR,1715621373
308,manokwari,-0.8667,-0.8667,26.01,85,100,1.66,ID,1715621373
309,luorong,24.4058,24.4058,20.75,72,9,1.68,CN,1715621374
310,bayevo,53.2833,53.2833,14.82,44,0,3.65,RU,1715621374
311,fisterra,42.9049,42.9049,14.86,80,25,8.26,ES,1715621374
312,qoryooley,1.7878,1.7878,27.26,83,96,6.65,SO,1715621374
313,camayenne,9.535,9.535,32.05,55,0,6.17,GN,1715621374
314,vilyuchinsk,52.9306,52.9306,4.58,99,100,0.8,RU,1715621374
315,malmberget,67.1753,67.1753,13.31,51,0,1.03,SE,1715621374
316,turpan,42.9333,42.9333,32.67,20,100,1.53,CN,1715621374
317,taoudenni,22.6783,22.6783,43.25,6,7,4.69,ML,1715621374
318,stjordalshalsen,63.4681,63.4681,21.0,46,0,4.63,NO,1715621374
319,temirgoyevskaya,45.1141,45.1141,11.86,70,100,3.91,RU,1715621375
320,gadzhiyevo,69.2551,69.2551,0.78,97,93,1.96,RU,1715621375
321,koh kong,11.6175,11.6175,27.35,86,100,1.6,KH,1715621375
322,vize,41.5725,41.5725,12.02,84,10,3.19,TR,1715621375
323,robertsport,6.7533,6.7533,29.31,75,29,4.2,LR,1715621375
324,praia da vitoria,38.7333,38.7333,20.14,73,40,5.07,PT,1715621375
325,chinchilla,-26.75,-26.75,13.16,78,17,2.93,AU,1715621375
326,pervomayskoye,43.919,43.919,8.62,78,100,3.89,RU,1715621375
327,usogorsk,63.4106,63.4106,0.37,87,100,2.61,RU,1715621376
328,lianzhou,24.7811,24.7811,18.37,82,2,0.97,CN,1715621376
329,valle vista,33.7478,33.7478,31.03,53,2,3.14,US,1715621376
330,kailua-kona,19.6406,19.6406,25.98,79,0,4.12,US,1715621376
331,antonio enes,-16.2325,-16.2325,25.64,65,21,4.19,MZ,1715621376
332,mujiayingzi,42.1167,42.1167,16.6,46,86,2.55,CN,1715621376
333,magadan,59.5667,59.5667,3.63,98,100,3.79,RU,1715621376
334,isangel,-19.55,-19.55,24.09,84,90,5.54,VU,1715621376
335,mahina,-17.5065,-17.5065,26.87,78,20,1.54,PF,1715621376
336,kiunga,-6.1219,-6.1219,22.73,100,100,0.77,PG,1715621376
337,port augusta,-32.5,-32.5,14.68,60,100,3.4,AU,1715621377
338,chonchi,-42.6128,-42.6128,9.56,67,70,1.89,CL,1715621377
339,kavaratti,10.5669,10.5669,30.03,71,70,2.84,IN,1715621377
340,mekhe,15.1097,15.1097,32.31,29,1,7.62,SN,1715621377
341,katsuren-haebaru,26.3369,26.3369,22.01,84,100,2.57,JP,1715621377
342,hermanus,-34.4187,-34.4187,16.0,72,26,4.83,ZA,1715621377
343,jinghong,21.991,21.991,22.54,76,47,0.78,CN,1715621377
344,arraial do cabo,-22.9661,-22.9661,34.98,38,0,3.09,BR,1715621377
345,haiku-pauwela,20.9219,20.9219,25.58,85,0,2.06,US,1715621377
346,ziway,7.9333,7.9333,24.57,48,95,5.04,ET,1715621378
347,rio grande,-32.035,-32.035,18.06,70,63,9.79,BR,1715621362
348,brisas de zicatela,15.8369,15.8369,30.29,58,75,2.57,MX,1715621378
349,sudden valley,48.7229,48.7229,14.12,80,75,4.12,US,1715621378
350,urangan,-25.3,-25.3,15.67,75,0,2.24,AU,1715621378
351,bel ombre,-4.6167,-4.6167,28.91,79,20,1.03,SC,1715621378
352,inirida,3.8653,3.8653,33.68,52,100,0.77,CO,1715621378
353,ndele,8.4109,8.4109,27.12,56,88,0.19,CF,1715621378
354,ulladulla,-35.35,-35.35,12.69,85,2,1.89,AU,1715621378
355,kapa'a,22.0752,22.0752,25.1,89,40,4.12,US,1715621378
356,sao vicente,-23.9631,-23.9631,35.15,21,0,6.17,BR,1715621324
357,chenaran,36.6455,36.6455,25.19,28,91,1.29,IR,1715621379
358,sittwe,20.15,20.15,28.65,73,0,3.4,MM,1715621379
359,pangai,-19.8,-19.8,25.06,73,20,9.77,TO,1715621178
360,korla,41.7597,41.7597,27.78,16,100,8.69,CN,1715621379
361,hastings,50.8552,50.8552,19.55,87,83,1.82,GB,1715621379
362,ringkobing,56.0901,56.0901,16.79,69,48,8.37,DK,1715621379
363,baukau,51.5526,51.5526,25.72,57,23,3.71,DE,1715621379
364,nuku'alofa,-21.1333,-21.1333,23.19,73,75,6.17,TO,1715621379
365,svetlyy,54.675,54.675,15.2,72,14,2.81,RU,1715621380
366,la sarre,48.8002,48.8002,11.42,78,99,4.17,CA,1715621148
367,barlinek,52.9946,52.9946,19.77,56,4,4.81,PL,1715621380
368,ambon,-3.6954,-3.6954,26.6,95,40,1.03,ID,1715621380
369,mossel bay,-34.1831,-34.1831,14.96,87,2,5.26,ZA,1715621380
370,i-n-salah,27.1935,27.1935,37.97,9,2,4.83,DZ,1715621380
371,usinsk,65.9939,65.9939,-1.07,82,100,6.71,RU,1715621380
372,hithadhoo,-0.6,-0.6,29.11,76,100,3.45,MV,1715621380
373,la'ie,21.6477,21.6477,24.69,86,6,2.68,US,1715621380
374,westport,41.1415,41.1415,20.86,59,0,7.2,US,1715621122
375,hengshui,37.7322,37.7322,23.59,29,0,5.35,CN,1715621381
376,dunedin,-45.8742,-45.8742,6.56,98,9,1.34,NZ,1715621381
377,ujae,8.9322,8.9322,28.14,80,100,7.95,MH,1715621381
378,naze,28.3667,28.3667,18.51,71,94,2.78,JP,1715621343
379,tchintabaraden,15.8969,15.8969,39.85,16,99,1.39,NE,1715621381
380,heunghae,36.1125,36.1125,12.34,68,0,2.89,KR,1715621381
381,puerto cabezas,14.0351,14.0351,32.98,70,40,3.09,NI,1715621381
382,selfoss,63.9331,63.9331,7.8,61,95,4.56,IS,1715621381
383,cadale,2.7603,2.7603,28.5,79,43,7.66,SO,1715621382
384,palmares do sul,-30.2578,-30.2578,17.38,76,99,7.75,BR,1715621382
385,zapala,-38.8992,-38.8992,2.03,74,93,5.1,AR,1715621373
386,cidreira,-30.1811,-30.1811,17.91,77,93,8.25,BR,1715621382
387,bandarbeyla,9.4942,9.4942,29.4,75,30,5.39,SO,1715621382
388,santa lucia,27.9117,27.9117,19.62,57,20,12.35,ES,1715621383
389,vakarai,55.6035,55.6035,16.29,73,51,1.61,LT,1715621383
390,mejit,10.2753,10.2753,27.54,80,100,8.51,MH,1715621383
391,bereeda,11.8704,11.8704,29.79,70,70,5.48,SO,1715621383
392,merizo village,13.2658,13.2658,27.21,90,96,5.46,GU,1715621383
393,qarauyl,48.9451,48.9451,13.71,40,75,1.95,KZ,1715621383
394,minas de marcona,-15.2119,-15.2119,19.11,54,14,6.82,PE,1715621384
395,nogliki,51.8333,51.8333,1.3,88,97,2.68,RU,1715621384
396,tyukalinsk,55.8732,55.8732,18.26,48,98,9.57,RU,1715621384
397,concepcion,-36.827,-36.827,10.89,62,0,3.09,CL,1715621210
398,palmer,42.1584,42.1584,21.58,41,40,2.57,US,1715621384
399,george town,5.4112,5.4112,28.97,79,20,1.54,MY,1715621168
400,lethbridge,49.7,49.7,22.27,55,75,1.03,CA,1715621384
401,nieuw amsterdam,5.8833,5.8833,32.01,62,40,6.17,SR,1715621384
402,altai,46.3722,46.3722,11.57,41,93,1.33,MN,1715621384
403,carbonear,47.7332,47.7332,14.91,75,97,1.37,CA,1715621281
404,wenchang,30.904,30.904,15.48,67,0,2.25,CN,1715621385
405,amga,60.8953,60.8953,1.87,81,100,0.46,RU,1715621385
406,grand falls-windsor,48.9332,48.9332,11.68,59,100,1.18,CA,1715621385
407,taksimo,56.3444,56.3444,1.0,71,59,2.38,RU,1715621385
408,saint-philippe,-21.3585,-21.3585,22.77,76,35,4.84,RE,1715621385
409,nagqu,31.5,31.5,2.03,91,100,1.28,CN,1715621385
410,ornskoldsvik,63.2909,63.2909,18.53,52,0,3.6,SE,1715621385
411,mili,6.0815,6.0815,27.83,84,79,6.65,MH,1715621385
412,rabo de peixe,37.8,37.8,17.77,99,40,5.14,PT,1715621386
413,djambala,-2.5447,-2.5447,27.5,62,98,1.51,CG,1715621386
414,puerto santa,-8.9906,-8.9906,21.06,79,72,4.2,PE,1715621386
415,lensk,60.7253,60.7253,1.91,81,62,2.09,RU,1715621386
416,twin falls,42.3505,42.3505,17.94,59,100,7.72,US,1715621386
417,nalut,30.3333,30.3333,32.48,12,6,2.37,LY,1715621386
418,purcell,35.0137,35.0137,20.73,84,100,3.0,US,1715621386
419,qiqihar,47.3408,47.3408,11.53,69,99,8.05,CN,1715621296
420,kijang,35.2442,35.2442,10.85,70,0,1.5,KR,1715621387
421,kargasok,59.0556,59.0556,11.09,82,100,4.47,RU,1715621387
422,port blair,11.6667,11.6667,28.54,79,100,1.86,IN,1715621387
423,chibougamau,49.9168,49.9168,9.79,93,100,6.69,CA,1715621387
424,khovd,48.0056,48.0056,13.48,44,33,0.79,MN,1715621387
425,kristiansund,63.1115,63.1115,18.36,55,0,1.54,NO,1715621387
426,nirmal,19.1,19.1,33.0,38,87,1.09,IN,1715621387
427,acarau,-2.8856,-2.8856,29.45,72,45,5.87,BR,1715621387
428,st. paul,44.9444,44.9444,20.82,42,0,5.14,US,1715621264
429,puerto padre,21.195,21.195,33.68,39,69,4.98,CU,1715621388
430,bossangoa,6.4926,6.4926,26.44,67,92,2.76,CF,1715621388
431,fonte boa,-2.4959,-2.4959,31.43,60,100,1.36,BR,1715621388
432,comonfort,20.7167,20.7167,29.56,17,36,4.28,MX,1715621388
433,cole harbour,44.6724,44.6724,15.66,71,20,6.17,CA,1715621388
434,egilsstadir,65.2653,65.2653,6.95,76,100,0.51,IS,1715621388
435,tsiombe,-25.3,-25.3,22.31,88,1,5.12,MG,1715621388
436,ende,-8.8432,-8.8432,21.67,91,10,0.72,ID,1715621388
437,twon-brass,4.3151,4.3151,27.4,82,100,5.34,NG,1715621388
438,mount pearl,47.5166,47.5166,14.19,70,75,4.12,CA,1715621389
439,tamanrasset,22.785,22.785,33.95,8,20,5.14,DZ,1715621389
440,noyabrsk,63.1994,63.1994,1.24,80,95,12.07,RU,1715621389
441,jiazi,22.8779,22.8779,21.26,62,99,8.43,CN,1715621389
442,tutoia,-2.7619,-2.7619,28.75,82,76,4.67,BR,1715621389
443,jinchang,38.4953,38.4953,24.67,17,48,4.14,CN,1715621389
444,kencong,-8.2833,-8.2833,24.1,93,91,0.24,ID,1715621114
445,junction city,39.0286,39.0286,16.92,92,100,4.12,US,1715621347
446,birao,10.2849,10.2849,35.57,20,60,1.53,CF,1715621389
447,san salvador de jujuy,-24.1946,-24.1946,6.74,88,100,2.03,AR,1715621195
448,spring creek,40.7266,40.7266,20.95,35,5,1.34,US,1715621371
449,juegang,32.3174,32.3174,14.01,66,0,3.68,CN,1715621390
450,cabo san lucas,22.8909,22.8909,31.61,58,0,2.68,MX,1715621111
451,fort bragg,35.139,35.139,26.57,44,75,3.09,US,1715621390
452,mitsamiouli,-11.3847,-11.3847,28.01,76,42,4.19,KM,1715621390
453,manaquiri,-3.3167,-3.3167,29.27,74,97,1.62,BR,1715621390
454,port lincoln,-34.7333,-34.7333,14.17,83,100,3.09,AU,1715621390
455,bekovo,52.4663,52.4663,6.24,62,95,1.48,RU,1715621391
456,la passe,45.5549,45.5549,23.13,85,100,5.48,FR,1715621391
457,hotan,37.0997,37.0997,23.65,15,93,5.41,CN,1715621391
458,alofi,-19.0595,-19.0595,24.94,83,75,7.72,NU,1715621391
459,kuusamo,65.9667,65.9667,9.02,71,100,1.54,FI,1715621391
460,worland,44.0169,44.0169,24.26,40,20,0.0,US,1715621391
461,barcelos,41.5388,41.5388,16.08,69,87,5.05,PT,1715621391
462,terenos,-20.4422,-20.4422,30.84,54,75,6.17,BR,1715621391
463,mount isa,-20.7333,-20.7333,17.87,45,0,5.14,AU,1715621391
464,balqash,46.8481,46.8481,17.93,31,57,2.08,KZ,1715621392
465,yatou,37.15,37.15,12.94,73,9,3.44,CN,1715621392
466,yeed,4.55,4.55,30.6,53,100,6.79,SO,1715621123
467,bikin,46.8161,46.8161,7.71,85,76,2.07,RU,1715621392
468,sinazongwe,-17.2614,-17.2614,24.69,52,3,1.33,ZM,1715621392
469,puerto ayacucho,5.6639,5.6639,30.42,67,93,2.51,VE,1715621392
470,vadso,70.0744,70.0744,7.49,81,75,3.09,NO,1715621392
471,richards bay,-28.783,-28.783,20.2,90,51,1.97,ZA,1715621392
472,dabat,12.9842,12.9842,20.76,43,94,2.68,ET,1715621392
473,carutapera,-1.195,-1.195,29.92,68,28,3.88,BR,1715621393
474,werlte,52.85,52.85,23.36,71,46,7.15,DE,1715621393
475,turochak,52.2576,52.2576,11.4,80,53,1.13,RU,1715621393
476,napili-honokowai,20.9708,20.9708,26.21,77,0,1.02,US,1715621393
477,al mutayrifi,25.4788,25.4788,37.19,13,3,7.87,SA,1715621393
478,male,4.1748,4.1748,26.97,89,100,3.09,MV,1715621393
479,tianshui,34.5439,34.5439,15.76,69,85,4.32,CN,1715621393
480,smithers,54.7804,54.7804,8.18,87,100,1.03,CA,1715621393
481,achi,8.5682,8.5682,34.17,56,64,1.08,CO,1715621393
482,sungailiat,-1.85,-1.85,27.33,82,66,0.98,ID,1715621394
483,laojunmiao,39.8333,39.8333,18.17,12,0,3.42,CN,1715621394
484,timimoun,29.2639,29.2639,39.21,8,0,2.06,DZ,1715621394
485,katsuura,35.1333,35.1333,16.01,79,100,9.93,JP,1715621394
486,sargatskoye,55.6101,55.6101,17.99,56,100,6.66,RU,1715621394
487,myeik,12.4333,12.4333,26.09,80,97,1.59,MM,1715621394
488,hailar,49.2,49.2,8.25,48,43,5.12,CN,1715621394
489,tidjikja,18.5564,18.5564,40.76,10,4,4.62,MR,1715621394
490,mammoth lakes,37.6485,37.6485,17.4,32,0,0.0,US,1715621394
491,tafuna,-14.3358,-14.3358,28.97,79,75,6.17,AS,1715621395
492,taulaga,-11.0553,-11.0553,29.31,74,89,8.52,AS,1715621395
493,poso,-1.3959,-1.3959,24.99,84,31,2.38,ID,1715621395
494,nelidovo,56.2211,56.2211,8.26,56,50,1.36,RU,1715621395
495,isfana,39.8386,39.8386,16.31,43,86,1.97,KG,1715621395
496,al qaryatayn,34.2296,34.2296,16.07,60,97,8.67,SY,1715621395
497,waingapu,-9.6567,-9.6567,24.35,91,0,4.07,ID,1715621395
498,uttaradit,17.6667,17.6667,25.77,86,24,0.69,TH,1715621395
499,udachny,66.4167,66.4167,-0.31,71,67,2.43,RU,1715621396
500,san pedro,14.35,14.35,26.57,91,100,2.57,PH,1715621396
501,daru,-9.0763,-9.0763,26.09,80,95,6.08,PG,1715621396
502,east london,-33.0153,-33.0153,17.52,100,100,3.6,ZA,1715621396
503,antsiranana,-12.2787,-12.2787,26.94,68,100,6.65,MG,1715621396
504,banikoara,11.2985,11.2985,35.13,35,97,1.65,BJ,1715621396
505,tshabong,-26.05,-26.05,24.03,28,14,3.72,BW,1715621396
506,hirara,24.8,24.8,22.15,88,100,7.2,JP,1715621397
507,zaragoza,41.6561,41.6561,31.12,32,0,4.12,ES,1715621397
508,tughyl,47.7252,47.7252,18.03,41,100,3.6,KZ,1715621397
509,kikwit,-5.041,-5.041,27.39,68,89,0.87,CD,1715621397
510,maumere,-8.6199,-8.6199,25.0,80,5,2.18,ID,1715621339
511,belyy yar,53.6039,53.6039,9.94,66,0,1.0,RU,1715621397
512,quixeramobim,-5.1992,-5.1992,33.85,41,68,3.12,BR,1715621397
513,kudahuvadhoo,2.6708,2.6708,29.6,78,100,9.28,MV,1715621397
514,macau,22.2006,22.2006,25.95,83,40,8.23,MO,1715621398
515,saudarkrokur,65.7461,65.7461,1.85,87,100,4.09,IS,1715621398
516,keelung,25.1283,25.1283,22.81,70,100,3.28,TW,1715621398
517,pizarro,4.9533,4.9533,28.64,82,88,2.91,CO,1715621398
518,burang,30.25,30.25,1.8,74,88,2.17,CN,1715621398
519,babayevo,59.3936,59.3936,5.29,93,100,1.98,RU,1715621398
520,la ronge,55.1001,55.1001,7.14,70,100,4.63,CA,1715621398
521,bardsir,29.9227,29.9227,22.65,20,0,9.45,IR,1715621399
522,quincy,42.2529,42.2529,22.68,52,40,3.13,US,1715621386
523,inhambane,-23.865,-23.865,21.83,87,5,4.64,MZ,1715621399
524,taltal,-25.4,-25.4,17.94,64,46,2.45,CL,1715620574
525,churu,28.3,28.3,34.0,11,0,3.97,IN,1715621399
526,manavalakurichi,8.1333,8.1333,28.18,84,67,1.37,IN,1715621399
527,ankazobe,-18.3167,-18.3167,16.4,84,26,1.95,MG,1715621399
528,pechora,65.1472,65.1472,-2.86,84,100,4.02,RU,1715621399
529,puerto colombia,10.9878,10.9878,33.05,74,71,6.39,CO,1715621399
530,mokhsogollokh,61.4681,61.4681,1.79,81,98,2.93,RU,1715621399
531,sarangani,5.4033,5.4033,28.71,79,100,6.64,PH,1715621400
532,galesong,-5.3166,-5.3166,24.01,78,7,1.02,ID,1715621400
533,yigo village,13.5361,13.5361,26.52,87,75,2.57,GU,1715621400
534,znamenskoye,57.1281,57.1281,16.48,61,100,4.38,RU,1715621400
535,bayamo,20.3792,20.3792,37.48,32,13,4.34,CU,1715621400
536,suez,29.9737,29.9737,20.67,51,0,7.01,EG,1715621400
537,simanggang,1.2472,1.2472,25.99,94,99,0.0,MY,1715621400
538,manadhoo,5.7667,5.7667,29.41,76,100,3.45,MV,1715621400
539,port hedland,-20.3167,-20.3167,20.03,100,2,2.57,AU,1715621185
540,visby,57.6409,57.6409,18.12,48,0,2.06,SE,1715621103
541,camacupa,-12.0167,-12.0167,20.2,45,23,1.99,AO,1715621401
542,kabinda,-6.1333,-6.1333,22.0,83,81,4.02,CD,1715621327
543,marka,1.7159,1.7159,27.61,87,96,7.75,SO,1715621401
544,sassandra,4.95,4.95,28.52,78,95,4.46,CI,1715621401
545,darnah,32.767,32.767,18.4,85,0,5.31,LY,1715621401
546,brzeg,50.8608,50.8608,20.84,61,2,3.6,PL,1715621402
547,orkney,-26.9802,-26.9802,19.93,41,68,4.44,ZA,1715621403
548,queenstown,-31.8976,-31.8976,11.99,69,0,2.24,ZA,1715621126
549,al kharijah,25.4514,25.4514,25.88,22,0,5.03,EG,1715621404
